"Id","price","host_is_superhost","host_total_listings_count","host_identity_verified","latitude","longitude","property_type","room_type","accommodates","bathrooms","bedrooms","beds","security_deposit","cleaning_fee","extra_people","minimum_nights","maximum_nights","number_of_reviews","review_scores_rating","review_scores_accuracy","review_scores_cleanliness","review_scores_checkin","review_scores_communication","review_scores_location","review_scores_value","instant_bookable","is_business_travel_ready","cancellation_policy","reviews_per_month"
570,110,"f",1,"t",-33.7446836,151.2878881,"Apartment","Entire home/apt",4,1,2,2,,,0,2,10,1,80,8,6,10,10,8,8,"f","f","flexible",0.04
571,99,"t",1,"f",-33.79311716,151.2867946,"Apartment","Private room",2,1,1,1,0,50,0,2,1125,10,98,10,10,10,10,10,10,"f","f","flexible",0.8
572,70,"f",1,"f",-33.7180329,151.2989307,"Apartment","Entire home/apt",4,1,1,2,500,,0,7,7,1,100,10,10,10,10,10,10,"f","f","strict",0.09
573,157,"f",1,"t",-33.80258095,151.2876912,"Apartment","Entire home/apt",3,1,2,1,,60,0,1,3,3,90,9,8,10,9,8,9,"f","f","strict",0.13
574,120,"f",1,"f",-33.75713633,151.2913374,"Apartment","Entire home/apt",4,1,2,2,,,0,3,1125,0,,,,,,,,"f","f","moderate",
575,120,"f",1,"f",-33.67011528,151.2978986,"Apartment","Entire home/apt",4,1,2,2,150,,0,4,1125,7,97,10,10,10,10,10,10,"f","f","flexible",0.27
576,100,"f",1,"t",-33.80106683,151.2876625,"Apartment","Entire home/apt",4,1,2,2,,35,0,5,7,1,,,,,,,,"f","f","strict",0.05
577,300,"f",1,"t",-33.79921039,151.2921638,"Apartment","Private room",2,1,1,1,300,60,0,2,1125,9,98,10,10,10,10,10,10,"f","f","strict",0.26
578,160,"f",1,"t",-33.65095277,151.3118306,"House","Entire home/apt",5,2,3,5,1000,300,0,3,1125,0,,,,,,,,"f","f","moderate",
579,350,"f",1,"f",-33.79689739,151.2747949,"House","Entire home/apt",6,2,4,5,,,0,5,15,0,,,,,,,,"f","f","flexible",
580,131,"f",1,"f",-33.77306194,151.279717,"House","Entire home/apt",4,1,3,3,,,0,21,38,0,,,,,,,,"t","f","flexible",
581,200,"f",1,"f",-33.8038222,151.2888583,"Apartment","Entire home/apt",4,2,3,2,,55,0,7,1125,0,,,,,,,,"f","f","flexible",
582,216,"f",2,"t",-33.78012274,151.2778721,"Apartment","Entire home/apt",4,1,2,3,500,80,0,2,1125,1,80,10,10,10,10,6,8,"f","f","strict",1
583,100,"f",2,"f",-33.78075369,151.2871975,"House","Private room",2,1,1,1,200,25,0,1,40,1,100,10,10,10,10,10,10,"t","f","strict",0.46
584,100,"f",1,"f",-33.76131552,151.2842451,"Apartment","Entire home/apt",2,1,1,1,,100,0,5,1125,0,,,,,,,,"f","f","flexible",
585,280,"f",1,"t",-33.79366194,151.2714687,"House","Entire home/apt",4,1.5,3,3,0,100,50,3,33,12,93,9,9,9,10,9,9,"f","f","moderate",0.51
586,350,"f",1,"f",-33.72307837,151.2933499,"Townhouse","Entire home/apt",6,2,3,6,,,0,3,1125,2,80,9,5,8,9,9,7,"t","f","flexible",0.16
587,139,"f",5,"f",-33.78751752,151.2836678,"Apartment","Entire home/apt",2,1,1,2,,,0,3,1125,6,97,10,10,10,10,10,10,"f","f","strict",0.29
588,150,"f",1,"t",-33.74748479,151.2380296,"House","Entire home/apt",7,3,3,4,500,100,0,2,2,2,100,10,10,10,10,10,10,"t","f","strict",0.16
589,300,"f",198,"f",-33.77204869,151.2674868,"House","Entire home/apt",4,1,2,2,400,235,0,3,1125,1,100,10,10,6,10,10,10,"t","f","strict",1
590,139,"f",1,"t",-33.75459433,151.2876214,"Apartment","Entire home/apt",4,1,1,1,500,75,15,2,1125,17,95,10,10,10,10,10,10,"f","f","strict",0.55
591,180,"f",1,"f",-33.67549711,151.3133821,"Apartment","Entire home/apt",4,1,2,2,150,120,20,3,160,23,92,10,9,10,10,10,9,"t","t","strict",0.47
592,99,"f",1,"t",-33.78845074,151.2834396,"House","Entire home/apt",2,1,1,1,,15,0,1,14,1,,,,,,,,"t","f","flexible",0.06
593,335,"f",1,"f",-33.76940742,151.2758599,"House","Entire home/apt",7,2,4,5,,,25,6,1125,2,90,9,9,10,10,10,9,"f","f","strict",0.08
594,60,"t",1,"t",-33.75737987,151.2399587,"House","Private room",2,1,1,1,,,0,1,7,32,100,10,10,10,10,10,10,"t","f","moderate",3.01
595,39,"f",1,"f",-33.79594505,151.2598303,"Apartment","Private room",2,1,1,1,,,0,1,1125,0,,,,,,,,"t","f","flexible",
596,60,"f",3,"f",-33.79787103,151.2806019,"Apartment","Private room",2,1,1,1,250,35,0,2,1125,30,91,9,10,10,10,10,9,"f","f","moderate",1.91
597,120,"f",1,"t",-33.7969973,151.2874654,"Apartment","Entire home/apt",4,1,1,2,150,155,25,3,1125,5,80,9,7,8,10,10,9,"f","f","strict",0.78
598,250,"f",1,"f",-33.78538915,151.2883157,"Apartment","Entire home/apt",4,1,2,2,300,70,0,4,1125,1,100,10,10,10,10,10,10,"f","f","strict",0.08
599,203,"f",1,"f",-33.59951391,151.3240091,"Apartment","Entire home/apt",4,1,2,3,,,0,2,7,9,100,10,10,10,10,10,10,"t","f","moderate",0.74
600,60,"f",3,"t",-33.75587185,151.2893215,"Other","Private room",1,1,1,1,295,,30,5,60,2,71,7,7,7,9,7,7,"f","f","strict",0.04
601,49,"f",1,"f",-33.7839928,151.2648248,"House","Private room",2,1,1,1,,,6,5,1125,1,80,6,6,8,8,6,6,"t","f","flexible",0.23
602,250,"t",2,"t",-33.62314401,151.3349498,"House","Entire home/apt",4,1,2,2,500,90,394,2,30,0,,,,,,,,"f","f","moderate",
603,401,"t",4,"t",-33.6373567,151.2781112,"Vacation home","Entire home/apt",9,2,4,7,4000,160,0,3,1125,0,,,,,,,,"f","f","strict",
604,85,"f",1,"t",-33.80087641,151.286235,"Apartment","Private room",2,1,1,1,,50,100,7,1125,1,100,10,8,10,10,10,10,"t","f","strict",0.08
605,90,"f",1,"f",-33.7830489,151.2909164,"Apartment","Entire home/apt",2,1,1,2,130,,0,1,1125,0,,,,,,,,"f","f","flexible",
606,80,"f",1,"t",-33.76066133,151.2944328,"Apartment","Entire home/apt",2,1,1,1,0,50,0,1,31,23,93,9,10,10,10,10,10,"f","f","flexible",1.37
607,79,"f",3,"t",-33.66439408,151.3142567,"House","Private room",1,1.5,1,1,,,0,7,1125,1,100,10,10,10,10,10,10,"f","f","strict",0.29
608,49,"f",1,"t",-33.78987681,151.2782648,"Townhouse","Private room",2,1,1,1,,,20,2,23,5,76,8,6,8,8,8,8,"f","f","flexible",0.17
609,63,"f",2,"f",-33.7464782,151.2847656,"Apartment","Private room",1,1,1,1,130,0,0,1,14,1,100,10,10,10,10,10,10,"f","f","flexible",1
610,117,"f",5,"t",-33.7911529,151.2850481,"Apartment","Private room",2,1,1,1,127,50,0,3,21,7,83,7,9,10,10,9,8,"t","f","moderate",0.55
611,375,"f",1,"f",-33.80585705,151.286456,"Apartment","Entire home/apt",4,1,2,2,,75,0,7,28,0,,,,,,,,"f","f","moderate",
612,145,"f",1,"t",-33.62003257,151.3336802,"Other","Entire home/apt",2,1,1,1,300,60,0,2,1123,9,93,10,10,10,10,10,9,"f","f","moderate",0.77
613,41,"f",1,"f",-33.76845653,151.2935632,"Apartment","Private room",2,1,1,1,,,0,1,1125,0,,,,,,,,"f","f","flexible",
614,118,"t",1,"f",-33.63130697,151.3256207,"House","Entire home/apt",2,1.5,1,1,,,0,2,7,30,98,10,9,10,10,10,10,"f","f","strict",2.32
615,65,"t",2,"f",-33.72476711,151.2218078,"House","Private room",2,1,1,1,,35,55,2,1125,30,97,10,10,10,10,10,10,"t","f","moderate",1.53
616,134,"f",1,"t",-33.75604653,151.2989243,"Apartment","Private room",2,1,1,1,500,50,0,2,28,2,100,10,10,10,10,10,10,"f","f","strict",0.16
617,79,"f",4,"f",-33.75918376,151.2986082,"House","Private room",2,1,0,1,,,0,3,1125,0,,,,,,,,"t","f","moderate",
618,300,"f",1,"t",-33.79829248,151.2533466,"House","Entire home/apt",6,2,4,4,1000,75,0,1,1125,0,,,,,,,,"f","f","flexible",
619,127,"t",3,"t",-33.62860886,151.3212455,"Apartment","Entire home/apt",7,2,4,4,1000,80,30,2,1125,20,98,10,9,10,10,10,10,"t","f","strict",4.32
620,260,"f",2,"t",-33.66219113,151.2985069,"House","Entire home/apt",8,2.5,4,4,1000,250,0,4,1125,0,,,,,,,,"f","f","moderate",
621,98,"f",1,"f",-33.71836669,151.2974513,"Apartment","Entire home/apt",3,1,1,1,,75,15,2,15,13,92,9,9,10,10,10,9,"t","f","moderate",0.35
622,75,"f",2,"f",-33.78526798,151.2871388,"Apartment","Private room",2,1,1,1,,,50,1,1125,66,88,9,9,9,9,10,9,"f","f","moderate",3.15
623,200,"f",1,"f",-33.78395363,151.2705986,"Apartment","Entire home/apt",2,1,1,1,300,89,0,1,1125,0,,,,,,,,"f","f","flexible",
624,185,"f",1,"t",-33.79030772,151.278775,"Villa","Private room",3,2.5,1,2,,50,25,2,30,54,94,9,10,10,10,9,9,"f","f","flexible",0.69
625,224,"f",1,"t",-33.7826005,151.286668,"Apartment","Entire home/apt",4,1.5,2,2,600,100,0,7,24,1,80,10,8,10,10,10,10,"f","f","strict",0.04
626,200,"f",1,"f",-33.67814894,151.3088527,"Villa","Private room",2,1,1,1,,,0,1,5,1,80,8,6,10,8,8,6,"f","f","moderate",1
627,401,"f",1,"t",-33.65396722,151.3135545,"House","Entire home/apt",5,2.5,3,4,500,236,0,3,1125,6,92,9,8,10,10,9,9,"t","f","flexible",0.47
628,350,"f",1,"f",-33.74310989,151.2893454,"House","Entire home/apt",11,3,5,7,500,200,0,2,1125,2,90,10,9,10,10,10,10,"f","f","strict",2
629,115,"f",1,"t",-33.79913569,151.261643,"Apartment","Entire home/apt",3,1,1,2,,,0,3,30,16,91,9,10,10,10,10,10,"f","f","moderate",0.76
630,250,"f",3,"f",-33.70438612,151.2935501,"Vacation home","Entire home/apt",4,1,2,2,500,150,20,5,200,0,,,,,,,,"f","f","moderate",
631,160,"t",1,"t",-33.70482252,151.3003826,"House","Entire home/apt",3,1,1,2,500,90,45,1,62,82,99,10,10,10,10,10,10,"t","t","moderate",3.32
632,68,"f",1,"f",-33.75458855,151.2936837,"Apartment","Private room",2,1,1,1,,35,0,1,1125,6,83,7,9,10,10,10,10,"f","f","flexible",1.68
633,60,"f",1,"t",-33.74207814,151.2068276,"House","Private room",2,1,1,1,,,0,2,3,0,,,,,,,,"f","f","flexible",
634,300,"f",198,"f",-33.7760321,151.2716325,"House","Entire home/apt",6,2,4,4,400,390,0,3,1125,0,,,,,,,,"t","f","strict",
635,245,"f",7,"t",-33.80200043,151.2930415,"Apartment","Entire home/apt",4,1,1,2,200,50,20,1,1125,4,70,8,10,10,10,10,7,"t","f","strict",0.6
636,120,"t",1,"f",-33.80286854,151.2874672,"Apartment","Entire home/apt",2,1,0,1,300,85,0,2,21,23,99,10,10,10,10,10,10,"t","f","strict",3.94
637,65,"f",1,"f",-33.7983279,151.274109,"Apartment","Private room",2,1,1,1,,,0,3,9,0,,,,,,,,"t","f","flexible",
638,250,"t",2,"t",-33.79225656,151.2876892,"Apartment","Entire home/apt",3,1,1,1,1000,80,30,5,1125,5,100,10,10,10,10,10,10,"f","f","strict",0.4
639,165,"f",1,"f",-33.79566482,151.2771926,"House","Entire home/apt",3,1.5,2,2,,160,0,14,30,1,100,8,10,10,10,10,10,"f","f","strict",0.03
640,199,"f",1,"f",-33.63696019,151.3293583,"Apartment","Entire home/apt",4,1,2,2,,150,0,2,28,22,91,10,9,10,10,10,10,"f","f","strict",2.54
641,180,"f",1,"f",-33.75229876,151.2893867,"Apartment","Entire home/apt",2,1,1,1,150,50,0,4,41,11,91,10,9,10,10,10,9,"t","f","moderate",0.4
642,399,"f",2,"t",-33.8021608,151.2894292,"Apartment","Entire home/apt",5,2,3,3,1000,100,0,4,30,5,96,10,10,10,10,10,9,"f","f","strict",0.19
643,350,"f",1,"f",-33.72788673,151.214215,"House","Entire home/apt",6,2,3,3,,,0,16,21,0,,,,,,,,"t","f","moderate",
644,224,"f",3,"f",-33.64110232,151.3104779,"House","Entire home/apt",4,2.5,2,3,500,159,0,2,1125,18,95,10,9,10,10,10,10,"t","f","moderate",0.78
645,75,"f",1,"f",-33.78779647,151.2851645,"Apartment","Private room",2,1,1,1,,,0,2,1125,0,,,,,,,,"t","f","flexible",
646,248,"t",1,"f",-33.67518133,151.3156486,"Apartment","Entire home/apt",4,1,2,3,500,120,0,2,1125,13,98,10,10,10,10,10,10,"t","t","strict",5
647,250,"f",1,"t",-33.7092027,151.3034406,"Apartment","Entire home/apt",6,1,2,4,300,90,25,2,90,67,94,10,9,10,10,10,9,"f","f","moderate",2.8
648,295,"f",18,"f",-33.60219752,151.3208559,"Apartment","Entire home/apt",40,1,2,2,1000,110,0,2,90,1,100,10,10,10,10,10,10,"t","f","strict",0.3
649,401,"f",40,"f",-33.61714111,151.2072417,"House","Entire home/apt",10,2,4,6,1000,250,100,2,1125,0,,,,,,,,"t","f","strict",
650,55,"f",1,"f",-33.74584696,151.2902326,"Apartment","Private room",2,1,1,1,150,,30,2,52,15,92,10,9,10,10,10,10,"f","f","flexible",0.63
651,121,"f",1,"f",-33.77544943,151.2762816,"Apartment","Entire home/apt",3,1,2,2,,,0,10,19,0,,,,,,,,"t","f","flexible",
652,145,"f",1,"f",-33.80358146,151.2846649,"Apartment","Entire home/apt",4,1,2,2,,,0,2,1125,2,60,6,8,8,10,10,8,"f","f","moderate",0.54
653,150,"t",1,"f",-33.79999818,151.2849868,"Apartment","Entire home/apt",2,1,1,1,,85,0,3,1125,55,93,10,9,10,10,10,10,"f","f","moderate",2.5
654,150,"t",4,"t",-33.63778621,151.27977,"Guesthouse","Entire home/apt",4,1,2,3,500,64,0,3,1125,0,,,,,,,,"f","f","flexible",
655,49,"f",1,"f",-33.75705406,151.293613,"Apartment","Private room",2,1,1,1,,22,0,4,10,0,,,,,,,,"t","f","flexible",
656,190,"f",1,"t",-33.79586851,151.2620476,"House","Entire home/apt",6,1.5,3,3,,160,50,3,7,0,,,,,,,,"f","f","strict",
657,150,"f",1,"t",-33.62120124,151.3206823,"Guest suite","Private room",2,1,1,1,0,50,50,2,1126,2,100,10,10,10,10,10,10,"t","f","flexible",0.5
658,100,"f",2,"t",-33.75572992,151.2846735,"Apartment","Entire home/apt",2,1,1,1,,,0,7,14,0,,,,,,,,"f","f","strict",
659,55,"f",2,"t",-33.75423743,151.2805542,"House","Private room",2,1,1,1,,15,0,2,30,25,94,10,9,10,10,10,10,"f","f","moderate",0.77
660,120,"f",1,"t",-33.70550642,151.2879382,"House","Entire home/apt",5,1,2,3,800,50,0,5,60,3,100,8,10,10,10,10,9,"f","f","moderate",0.08
661,126,"f",1,"f",-33.79645229,151.2815579,"Apartment","Entire home/apt",4,1,2,2,,75,0,2,1125,3,87,9,9,10,10,9,9,"t","f","flexible",0.17
662,60,"f",1,"f",-33.75427971,151.2954463,"Apartment","Private room",1,1,1,1,0,0,60,1,30,8,94,10,10,10,10,10,10,"t","f","flexible",1.35
663,420,"t",8,"f",-33.60374098,151.3205056,"House","Entire home/apt",6,1,3,3,1500,250,0,2,1125,3,100,10,10,10,10,10,10,"f","f","strict",3
664,129,"f",1,"t",-33.75675216,151.2694789,"Apartment","Entire home/apt",4,2,3,3,500,,0,3,1125,2,100,10,10,10,10,10,10,"t","f","flexible",0.2
665,350,"f",198,"f",-33.80286173,151.2895777,"House","Entire home/apt",6,2,3,3,400,330,0,3,1125,4,70,9,8,10,9,10,7,"t","f","strict",2.03
666,185,"f",2,"t",-33.75689919,151.2863275,"Apartment","Entire home/apt",4,2,2,2,750,50,30,1,90,0,,,,,,,,"f","f","moderate",
667,201,"t",2,"t",-33.71399118,151.3002104,"Apartment","Entire home/apt",4,1.5,2,3,300,80,0,2,14,4,100,10,10,10,10,10,10,"t","f","strict",0.32
668,95,"f",1,"t",-33.78560289,151.2830545,"Apartment","Private room",2,1,1,1,,,0,1,14,0,,,,,,,,"t","f","moderate",
669,131,"t",1,"t",-33.78767858,151.2852542,"Apartment","Entire home/apt",2,1,1,0,0,20,0,2,1125,22,96,10,10,10,10,10,10,"t","f","moderate",5.59
670,200,"f",1,"f",-33.78633324,151.2683802,"Apartment","Entire home/apt",5,1,3,5,,20,0,1,31,3,80,9,9,10,10,10,6,"t","f","moderate",0.56
671,165,"f",1,"t",-33.80210462,151.2885829,"Apartment","Entire home/apt",5,1,3,5,4000,100,0,182,210,1,100,10,10,10,10,10,10,"f","f","strict",0.04
672,425,"f",1,"f",-33.80087266,151.2603953,"House","Entire home/apt",6,3.5,4,4,,,0,7,1125,0,,,,,,,,"f","f","flexible",
673,41,"f",1,"f",-33.75395668,151.2925528,"Apartment","Private room",1,1,1,1,200,,0,5,10,3,,,,,,,,"f","f","flexible",
674,319,"f",1,"f",-33.74989177,151.2711953,"House","Entire home/apt",6,2,3,4,0,150,0,5,30,0,,,,,,,,"f","f","flexible",
675,139,"f",1,"f",-33.75318158,151.2875517,"Apartment","Entire home/apt",2,2,2,1,,,0,5,12,1,100,10,10,10,10,10,10,"f","f","flexible",0.04
676,300,"f",1,"f",-33.80582462,151.2889173,"House","Shared room",2,1,1,1,,,0,1,1125,0,,,,,,,,"f","f","flexible",
677,245,"t",2,"t",-33.74728262,151.2871675,"Apartment","Entire home/apt",6,1,2,3,150,60,40,1,1125,29,97,10,10,10,10,9,9,"f","f","strict",1.17
678,375,"f",1,"f",-33.65793806,151.3198189,"House","Entire home/apt",5,1.5,3,3,750,,0,5,14,0,,,,,,,,"t","f","strict",
679,65,"f",1,"t",-33.80499998,151.2848475,"Apartment","Private room",2,1,1,1,,30,15,3,1125,4,100,10,10,10,10,10,10,"f","f","moderate",0.53
680,123,"f",1,"t",-33.69770309,151.3072053,"Guesthouse","Entire home/apt",3,1,0,2,250,80,25,2,1125,0,,,,,,,,"t","f","flexible",
681,55,"f",1,"f",-33.78546667,151.2753193,"Apartment","Private room",1,1,1,1,150,,15,1,1125,1,100,10,10,10,10,10,10,"f","f","flexible",0.53
682,350,"f",1,"f",-33.7769666,151.2808179,"House","Entire home/apt",7,2,4,5,2000,150,0,3,30,0,,,,,,,,"f","f","flexible",
683,70,"f",1,"f",-33.78155936,151.2847659,"Apartment","Private room",1,1,1,1,,,0,9,1125,0,,,,,,,,"f","f","flexible",
684,63,"f",1,"t",-33.75047095,151.2880398,"Apartment","Private room",2,1,1,1,,25,0,2,1125,7,100,10,10,10,10,10,10,"f","f","moderate",0.49
685,156,"f",1,"t",-33.79951817,151.2873236,"Apartment","Private room",2,1,1,1,,,0,7,40,8,97,10,9,10,10,10,9,"f","f","strict",0.83
686,250,"f",1,"t",-33.75479022,151.2937011,"Apartment","Entire home/apt",4,1,2,2,150,100,0,2,1125,5,88,9,10,10,10,10,9,"f","f","moderate",0.41
687,51,"f",2,"f",-33.77418473,151.2694158,"Cabin","Private room",2,1,1,1,,19,0,1,14,22,90,9,9,10,10,9,10,"t","f","moderate",2.33
688,180,"f",1,"f",-33.77114648,151.2921562,"Apartment","Entire home/apt",4,1,2,2,,,0,5,7,0,,,,,,,,"f","f","strict",
689,100,"f",3,"f",-33.75408746,151.2935438,"Apartment","Private room",2,1,1,1,,40,0,8,1125,0,,,,,,,,"f","f","moderate",
690,396,"f",18,"f",-33.60169446,151.3228845,"Apartment","Entire home/apt",6,1.5,2,4,1000,150,0,2,90,0,,,,,,,,"t","f","strict",
691,240,"f",1,"t",-33.80077271,151.2883605,"Apartment","Entire home/apt",2,1,1,1,180,50,0,2,52,8,90,10,9,10,10,10,9,"f","f","moderate",0.23
692,160,"f",1,"t",-33.79618902,151.2757047,"Apartment","Entire home/apt",4,1,2,2,500,50,0,3,18,4,100,10,10,10,10,10,10,"t","f","flexible",0.11
693,70,"f",1,"f",-33.75211576,151.2898417,"Apartment","Private room",2,1,1,1,,,0,5,24,2,100,9,8,7,7,9,10,"f","f","flexible",0.09
694,150,"f",1,"f",-33.78645777,151.2529718,"House","Entire home/apt",4,1,2,3,0,75,50,7,18,1,100,10,10,10,10,10,10,"f","f","strict",0.11
695,400,"f",2,"t",-33.80531652,151.2857209,"Apartment","Entire home/apt",4,1,2,2,,60,20,3,6,0,,,,,,,,"t","f","flexible",
696,47,"f",1,"f",-33.75834493,151.2757558,"Apartment","Private room",2,1,1,1,,6,6,1,22,1,100,10,10,10,10,10,10,"t","f","flexible",1
697,90,"f",2,"t",-33.79564073,151.2706634,"Bed & Breakfast","Private room",1,2,1,1,400,20,0,2,1125,4,100,10,10,10,10,10,10,"t","f","strict",0.11
698,300,"f",1,"f",-33.79815879,151.2812813,"Apartment","Entire home/apt",4,2,2,2,1500,150,0,2,1125,1,100,8,8,10,10,10,10,"f","f","strict",0.04
699,250,"f",3,"t",-33.79425082,151.2815207,"Apartment","Entire home/apt",4,1,2,2,1000,,0,3,1125,1,100,10,10,10,10,10,10,"f","f","flexible",0.04
700,137,"f",1,"t",-33.77910498,151.2710105,"Apartment","Entire home/apt",4,2,2,2,,40,0,4,1125,3,93,10,9,10,10,9,9,"f","f","flexible",0.31
701,55,"f",1,"f",-33.76542661,151.2493285,"Bed & Breakfast","Private room",2,1,2,2,,28,0,1,30,1,,,,,,,,"f","f","flexible",0.07
702,319,"t",1,"t",-33.78425993,151.2871952,"Apartment","Entire home/apt",4,2,2,2,1500,200,0,2,28,18,99,10,9,10,10,10,10,"f","t","strict",0.64
703,200,"f",1,"f",-33.75392762,151.2957696,"Apartment","Entire home/apt",4,1,2,2,600,50,0,7,18,0,,,,,,,,"f","f","strict",
704,131,"f",1,"f",-33.67157044,151.3103143,"Apartment","Entire home/apt",4,1,2,3,500,40,10,1,28,2,100,10,10,10,10,10,10,"f","f","moderate",2
705,120,"f",1,"f",-33.78183851,151.2819372,"Apartment","Entire home/apt",2,1,1,1,300,50,0,14,1125,0,,,,,,,,"f","f","strict",
706,250,"f",3,"f",-33.79956425,151.2845828,"Apartment","Entire home/apt",4,2,2,2,,,20,3,1125,1,,,,,,,,"f","f","moderate",0.04
707,280,"f",1,"t",-33.79958179,151.2753505,"Apartment","Entire home/apt",6,2,3,3,0,100,0,4,14,0,,,,,,,,"f","f","flexible",
708,70,"f",1,"t",-33.77790285,151.2787053,"Apartment","Private room",1,1,1,1,0,10,0,1,1125,4,90,10,10,10,9,10,9,"f","f","strict",0.86
709,160,"f",1,"f",-33.74046018,151.229852,"House","Entire home/apt",8,2,4,8,1000,75,50,7,30,0,,,,,,,,"t","f","strict",
710,399,"f",2,"t",-33.78488493,151.2847625,"Apartment","Entire home/apt",4,1,2,1,500,150,0,5,1125,9,98,10,9,10,9,10,9,"f","f","flexible",0.37
711,120,"f",1,"f",-33.77850495,151.2851547,"Apartment","Entire home/apt",4,1,2,2,,,0,2,1125,0,,,,,,,,"f","f","flexible",
712,90,"f",1,"f",-33.70056163,151.3032967,"House","Private room",2,1,1,1,0,10,0,1,5,8,98,10,10,10,10,10,10,"f","f","moderate",0.7
713,120,"f",1,"f",-33.62664719,151.3354618,"Apartment","Entire home/apt",3,1,0,1,150,20,0,2,31,1,,,,,,,,"f","f","flexible",0.65
714,250,"f",2,"f",-33.7901419,151.2851054,"Apartment","Entire home/apt",2,1,1,1,,,0,5,1125,0,,,,,,,,"t","f","strict",
715,160,"t",3,"t",-33.59412469,151.3199627,"House","Private room",2,1,1,1,0,50,0,2,1125,3,93,10,9,10,10,10,10,"t","f","flexible",3
716,110,"f",1,"t",-33.75868543,151.2765063,"Apartment","Entire home/apt",4,2,2,2,350,30,0,2,10,5,100,10,10,10,10,10,10,"t","f","strict",0.2
717,44,"f",2,"t",-33.75592216,151.2825912,"House","Private room",1,1,1,1,,15,0,2,30,53,95,10,9,10,10,10,10,"f","f","moderate",1.75
718,200,"f",2,"t",-33.79508277,151.2806843,"Apartment","Entire home/apt",6,1,3,3,500,125,25,2,1125,6,97,10,10,10,10,9,9,"f","f","strict",0.24
719,100,"f",2,"t",-33.78481407,151.2822236,"Apartment","Private room",2,1,1,1,,,0,2,200,48,91,9,9,10,10,9,9,"t","f","moderate",0.96
720,150,"t",4,"f",-33.63490357,151.2916034,"House","Private room",2,1,1,1,500,50,75,2,1125,56,99,10,10,10,10,10,10,"t","f","strict",1.97
721,280,"f",1,"t",-33.78801212,151.2812183,"Apartment","Entire home/apt",4,1,2,2,600,75,20,3,1125,9,96,10,9,10,10,9,9,"f","f","strict",0.18
722,171,"f",2,"f",-33.77430148,151.2720604,"House","Entire home/apt",7,1.5,3,4,,50,0,7,1125,3,,,,,,,,"t","f","moderate",0.48
723,200,"t",4,"f",-33.60063531,151.3225218,"House","Private room",2,1,1,1,,,100,1,7,12,98,10,10,10,10,10,9,"f","f","moderate",0.47
724,150,"f",1,"t",-33.80282605,151.2916439,"Apartment","Entire home/apt",5,1,2,4,300,,0,3,1125,2,90,10,10,10,10,10,9,"f","f","strict",0.16
725,150,"f",2,"t",-33.70856135,151.2939898,"Townhouse","Private room",2,1,1,1,1000,120,50,2,1125,0,,,,,,,,"f","f","moderate",
726,67,"f",1,"f",-33.75613673,151.2928204,"Apartment","Entire home/apt",1,1,1,1,,,0,1,2,1,100,10,10,10,10,10,10,"t","f","flexible",1
727,280,"f",1,"f",-33.6487175,151.3135391,"House","Entire home/apt",5,3,4,4,4000,150,0,14,21,0,,,,,,,,"f","f","strict",
728,190,"f",17,"f",-33.79614835,151.2864323,"Apartment","Entire home/apt",5,2,2,3,500,0,0,2,1125,10,87,9,9,9,10,10,9,"t","f","strict",1.17
729,100,"f",1,"t",-33.78538074,151.2691037,"Apartment","Entire home/apt",5,1,3,4,,,0,5,30,1,80,8,10,8,10,10,10,"f","f","strict",0.06
730,75,"f",1,"f",-33.72300946,151.2762524,"Guest suite","Entire home/apt",4,2,1,2,0,80,10,2,1125,3,93,10,10,10,10,10,10,"t","f","moderate",1.7
731,194,"f",1,"t",-33.68783871,151.2952279,"Apartment","Entire home/apt",5,2,3,3,250,100,0,4,1125,15,95,10,10,10,10,10,10,"f","f","strict",0.57
732,190,"f",1,"t",-33.78904739,151.2867118,"Apartment","Entire home/apt",2,1,1,1,,19,0,4,1125,1,100,10,6,10,10,10,10,"f","f","moderate",0.05
733,160,"f",1,"f",-33.74730865,151.2868545,"Apartment","Entire home/apt",4,2,2,2,300,30,0,2,1125,0,,,,,,,,"f","f","flexible",
734,390,"f",1,"t",-33.78711604,151.2567103,"House","Entire home/apt",7,3,4,7,1000,100,0,7,1125,0,,,,,,,,"f","f","strict",
735,175,"t",2,"f",-33.79853227,151.287077,"Apartment","Entire home/apt",2,1,1,1,,,0,3,1125,96,97,10,9,10,10,10,9,"f","f","moderate",3.68
736,385,"t",2,"f",-33.63128936,151.3258366,"House","Entire home/apt",5,2,3,3,500,150,0,3,1125,2,100,10,10,10,10,10,9,"t","f","strict",2
737,333,"f",156,"t",-33.72983649,151.3010109,"Apartment","Entire home/apt",10,2,0,5,2200,385,0,31,1125,9,90,8,7,8,9,10,9,"t","f","strict",0.62
738,229,"t",1,"t",-33.664833,151.3160656,"House","Entire home/apt",6,1,2,4,500,90,30,1,28,21,98,10,10,10,10,10,10,"f","t","strict",3.91
739,100,"f",1,"f",-33.65276065,151.3207885,"Townhouse","Private room",2,1.5,1,1,,,0,2,1125,8,100,10,10,10,10,10,10,"f","f","flexible",0.83
740,299,"f",2,"f",-33.63933921,151.3217014,"House","Entire home/apt",6,1,3,3,600,150,50,1,1125,4,100,10,9,10,10,10,9,"t","f","moderate",4
741,265,"f",1,"t",-33.79336075,151.2840834,"Apartment","Entire home/apt",2,1,1,2,300,60,60,3,1125,3,100,10,10,10,10,9,10,"f","f","strict",0.87
742,115,"f",1,"f",-33.78744306,151.2696761,"Apartment","Entire home/apt",2,1,1,1,500,80,0,7,21,1,100,8,6,10,10,10,8,"f","f","strict",0.02
743,350,"f",1,"t",-33.7636485,151.2888752,"House","Entire home/apt",6,2,3,3,0,150,0,4,50,9,98,10,10,10,10,10,9,"t","f","strict",0.72
744,90,"f",1,"t",-33.78360464,151.2717438,"Apartment","Entire home/apt",4,1,1,2,,,0,2,1125,0,,,,,,,,"t","f","moderate",
745,260,"f",1,"f",-33.58935142,151.2985035,"House","Entire home/apt",9,1,4,6,1000,150,0,2,1125,7,97,10,10,9,9,9,10,"f","f","strict",0.51
746,350,"f",1,"t",-33.75399795,151.2578268,"House","Entire home/apt",6,1.5,3,3,0,100,0,6,17,0,,,,,,,,"t","f","moderate",
747,235,"f",1,"f",-33.80503391,151.2899853,"Apartment","Entire home/apt",3,1,2,2,500,50,0,4,10,0,,,,,,,,"f","f","strict",
748,250,"f",17,"f",-33.79558318,151.2870201,"Apartment","Entire home/apt",4,2,2,3,450,0,0,1,1125,2,80,8,10,8,10,10,6,"t","f","strict",0.39
749,60,"f",1,"f",-33.79543244,151.2841882,"Apartment","Private room",2,1,1,1,,,15,1,30,0,,,,,,,,"f","f","moderate",
750,221,"f",1,"t",-33.79625674,151.285807,"Apartment","Entire home/apt",4,1,1,2,200,100,0,2,1125,48,95,10,10,10,10,10,10,"t","f","strict",3.78
751,95,"f",2,"f",-33.78679026,151.2865704,"Apartment","Private room",2,1,1,1,,,0,1,1125,15,84,9,9,9,9,10,9,"t","f","moderate",1.46
752,350,"f",1,"t",-33.80073648,151.2899267,"Apartment","Entire home/apt",4,1,2,2,,75,0,7,14,2,100,10,10,10,10,10,10,"f","f","strict",2
753,330,"f",1,"t",-33.8069022,151.284832,"Apartment","Entire home/apt",2,1.5,1,1,1000,150,0,5,1125,1,100,10,10,10,10,10,8,"f","f","strict",0.05
754,235,"f",1,"t",-33.67472258,151.3140199,"Guesthouse","Entire home/apt",4,1,2,2,1000,85,0,3,60,1,100,8,10,10,10,10,8,"f","f","moderate",0.08
755,200,"f",1,"t",-33.77792083,151.2826372,"Apartment","Entire home/apt",2,1,1,2,500,50,0,2,1125,5,100,10,10,10,9,10,9,"f","f","strict",0.14
756,350,"f",4,"f",-33.63720404,151.282553,"House","Entire home/apt",5,2,3,3,,140,0,2,1125,29,95,10,9,10,10,10,9,"f","f","strict",1.04
757,118,"f",1,"t",-33.80001395,151.2918542,"Apartment","Entire home/apt",2,1,1,1,0,80,0,3,1125,0,,,,,,,,"f","f","strict",
758,209,"f",1,"f",-33.77468971,151.2847166,"Apartment","Entire home/apt",4,1,2,2,,,0,1,1125,4,100,10,10,10,10,10,10,"f","f","flexible",0.13
759,99,"f",1,"f",-33.73524738,151.2741734,"House","Entire home/apt",4,1,0,2,0,0,0,1,30,5,92,10,10,10,10,10,10,"f","f","moderate",2.73
760,401,"t",1,"f",-33.6169529,151.3275447,"House","Entire home/apt",7,2,3,4,250,200,0,2,1125,20,96,10,9,10,10,10,10,"f","f","strict",3.75
761,401,"f",1,"f",-33.64912714,151.3143965,"House","Entire home/apt",7,2,3,4,150,150,0,2,14,0,,,,,,,,"f","f","strict",
762,289,"f",2,"t",-33.78973932,151.2854084,"Apartment","Entire home/apt",6,1,2,3,500,135,0,1,180,1,100,10,8,10,10,10,8,"f","f","strict",1
763,70,"f",1,"f",-33.79399642,151.2850282,"House","Private room",2,1,1,1,,,0,3,6,0,,,,,,,,"t","f","strict",
764,175,"f",1,"t",-33.78464785,151.2884223,"Apartment","Entire home/apt",4,1,2,2,500,75,0,3,1125,1,100,10,10,10,10,10,10,"f","f","strict",0.29
765,232,"f",1,"t",-33.77597085,151.2563542,"House","Entire home/apt",9,3,4,5,,80,0,4,12,0,,,,,,,,"f","f","flexible",
766,228,"f",2,"t",-33.7991025,151.2916967,"Apartment","Entire home/apt",4,1,2,2,300,50,0,4,1125,40,90,9,8,10,10,10,9,"f","f","strict",0.81
767,180,"t",2,"f",-33.6027592,151.3018512,"House","Entire home/apt",8,1.5,3,7,1000,150,15,2,30,15,96,10,9,10,10,10,10,"f","f","strict",0.81
768,70,"f",1,"t",-33.80256321,151.2905909,"House","Private room",2,1,1,1,,,0,2,7,0,,,,,,,,"t","f","flexible",
769,330,"f",1,"f",-33.72861811,151.2871437,"House","Entire home/apt",7,3,4,4,,,0,5,1125,3,100,10,10,10,10,10,10,"f","f","flexible",0.1
770,200,"f",1,"f",-33.79945292,151.2795666,"Apartment","Entire home/apt",4,1,2,2,,60,0,2,4,8,95,10,10,10,10,10,10,"f","f","moderate",0.27
771,131,"f",2,"t",-33.80105609,151.2632644,"Cabin","Entire home/apt",2,1,0,1,,,0,3,1125,2,80,9,8,10,10,9,9,"f","f","flexible",0.05
772,100,"f",2,"f",-33.79425931,151.2843341,"Apartment","Private room",2,1,2,1,,,0,2,30,0,,,,,,,,"t","f","flexible",
773,200,"f",1,"f",-33.68146712,151.3035157,"House","Entire home/apt",5,2.5,3,3,150,100,0,5,25,1,100,10,10,10,10,10,10,"t","f","strict",1
774,175,"f",1,"t",-33.70411834,151.2922646,"House","Entire home/apt",4,1,2,3,1000,0,0,2,1125,1,100,10,10,10,10,10,10,"t","f","moderate",1
775,225,"f",2,"f",-33.7873441,151.2867012,"Apartment","Entire home/apt",4,1,2,2,,80,0,2,1125,13,95,10,9,10,10,10,9,"f","f","flexible",0.55
776,300,"f",1,"f",-33.67726737,151.2953937,"House","Entire home/apt",6,2,3,4,1000,100,0,7,21,2,90,9,9,10,10,10,10,"f","f","moderate",0.16
777,180,"f",1,"t",-33.75568855,151.2839232,"Apartment","Entire home/apt",5,2,2,4,250,100,0,7,31,10,96,10,10,10,10,10,10,"f","f","flexible",0.23
778,49,"f",1,"t",-33.72888196,151.2647898,"House","Private room",2,1,1,2,,,25,2,90,9,100,10,10,10,10,10,10,"f","f","flexible",0.61
779,100,"t",2,"t",-33.78848484,151.2847393,"House","Private room",3,1,1,2,150,35,25,1,14,23,96,10,10,10,10,10,9,"f","f","strict",1.22
780,128,"f",1,"f",-33.78793185,151.2831004,"Apartment","Entire home/apt",2,1,1,1,,77,0,3,1125,1,100,10,10,10,10,10,10,"f","f","strict",0.04
781,396,"t",2,"t",-33.67950221,151.2979088,"House","Entire home/apt",8,2.5,4,4,,,0,5,21,0,,,,,,,,"f","f","strict",
782,95,"f",1,"f",-33.75886631,151.201923,"Apartment","Entire home/apt",2,1,1,1,130,50,0,3,1125,3,93,10,10,10,10,10,10,"t","t","moderate",1.27
783,401,"f",1,"t",-33.63089351,151.3369831,"House","Entire home/apt",4,2,2,4,,80,36,4,1125,8,94,9,9,9,9,10,9,"t","f","moderate",0.51
784,167,"f",1,"f",-33.79605909,151.2856582,"Apartment","Entire home/apt",4,1,0,2,,60,0,3,1125,1,100,10,10,10,10,10,10,"t","f","strict",1
785,80,"f",2,"f",-33.78744801,151.288668,"Apartment","Private room",2,1,2,1,300,60,0,3,6,0,,,,,,,,"t","f","strict",
786,124,"f",1,"f",-33.80001203,151.2604657,"Apartment","Entire home/apt",4,1,2,3,250,85,20,2,89,2,100,10,10,10,10,10,10,"f","f","strict",0.43
787,90,"f",2,"t",-33.79336202,151.2608747,"House","Private room",2,1,1,1,150,20,0,1,10,0,,,,,,,,"f","f","moderate",
788,120,"f",1,"f",-33.76779745,151.2894272,"House","Entire home/apt",3,1,2,2,150,50,50,3,10,1,80,8,6,10,10,10,6,"t","f","flexible",1
789,80,"f",1,"f",-33.7957768,151.2884602,"Apartment","Private room",1,0.5,1,1,,,0,1,1125,0,,,,,,,,"f","f","flexible",
790,150,"t",2,"t",-33.6277724,151.3203917,"Apartment","Entire home/apt",4,1,2,2,,,25,1,1125,71,97,10,10,10,10,10,10,"f","f","flexible",2.84
791,139,"f",1,"t",-33.78922251,151.2834593,"Apartment","Entire home/apt",2,1,1,1,,,0,2,1125,0,,,,,,,,"t","f","flexible",
792,319,"t",3,"f",-33.62923655,151.3261411,"Vacation home","Entire home/apt",5,2,2,4,600,195,0,2,14,7,97,10,10,10,10,9,9,"f","f","strict",1.07
793,350,"f",17,"f",-33.79625962,151.2882885,"Apartment","Entire home/apt",5,2,2,3,500,0,0,2,1125,8,93,10,10,10,10,10,9,"t","f","strict",0.88
794,120,"f",1,"f",-33.70619982,151.2878422,"House","Entire home/apt",4,2,2,3,200,80,25,2,1125,2,100,10,10,10,10,10,10,"f","f","strict",0.67
795,250,"f",1,"t",-33.79871762,151.2826189,"Apartment","Entire home/apt",2,1,1,3,0,0,100,2,1125,3,93,10,9,9,9,10,9,"f","f","strict",1.96
796,250,"f",1,"t",-33.68033897,151.3109536,"Townhouse","Entire home/apt",4,1.5,2,2,350,150,0,2,1125,6,100,10,10,10,10,10,10,"f","f","moderate",0.84
797,401,"f",1,"f",-33.7923382,151.2880373,"Apartment","Entire home/apt",6,2,3,4,500,180,0,2,1125,9,96,10,9,9,9,10,9,"f","f","strict",0.4
798,350,"f",3,"t",-33.79994482,151.2735834,"Apartment","Entire home/apt",8,3,5,5,1502,200,100,7,1125,1,80,8,10,10,10,10,8,"f","f","moderate",0.07
799,126,"f",1,"t",-33.75194768,151.28409,"Apartment","Entire home/apt",3,1,1,1,,,0,2,3,0,,,,,,,,"f","f","flexible",
800,145,"f",1,"f",-33.80274857,151.2887002,"Apartment","Private room",2,1,1,1,,30,0,1,1125,0,,,,,,,,"f","f","flexible",
801,390,"f",1,"t",-33.62729558,151.3279188,"House","Entire home/apt",6,2,3,6,500,125,0,3,90,4,87,9,9,10,10,10,9,"t","f","flexible",0.11
802,110,"f",2,"t",-33.78722404,151.2924612,"House","Private room",2,1,1,1,200,,20,2,1125,54,91,9,10,10,9,10,9,"f","f","strict",1.48
803,190,"f",1,"t",-33.78457963,151.2708128,"House","Entire home/apt",6,1,3,5,500,125,0,5,28,3,100,10,9,10,10,10,10,"t","f","strict",0.78
804,200,"f",2,"f",-33.69945403,151.2778522,"House","Entire home/apt",10,3,0,1,,,0,7,1125,0,,,,,,,,"f","f","flexible",
805,350,"f",1,"t",-33.79737101,151.2762868,"Townhouse","Entire home/apt",7,2,3,4,,,0,2,1125,0,,,,,,,,"f","f","strict",
806,435,"f",1,"f",-33.69040161,151.3036751,"House","Entire home/apt",5,1,3,3,600,190,0,7,20,0,,,,,,,,"f","f","moderate",
807,290,"f",1,"f",-33.77418902,151.2807725,"House","Entire home/apt",6,1.5,4,5,800,120,0,5,400,3,70,6,5,10,9,9,8,"f","f","strict",0.08
808,180,"f",1,"t",-33.75495804,151.2967639,"Apartment","Entire home/apt",4,1,2,3,300,100,0,5,90,11,95,10,9,10,10,10,10,"f","f","moderate",0.44
809,79,"f",5,"t",-33.79118761,151.2846072,"Boutique hotel","Private room",2,0,1,1,127,55,0,2,1125,2,90,9,9,10,10,9,8,"t","f","moderate",0.16
810,401,"f",1,"t",-33.62151758,151.338687,"House","Entire home/apt",2,1,1,1,500,50,0,3,1125,0,,,,,,,,"f","f","moderate",
811,221,"f",1,"t",-33.80276518,151.2902775,"Townhouse","Entire home/apt",4,1.5,2,2,,60,0,4,1125,1,100,8,10,10,10,10,10,"f","f","flexible",0.04
812,90,"f",1,"f",-33.77886087,151.292727,"Apartment","Private room",2,1,1,1,,,0,1,1125,0,,,,,,,,"t","f","flexible",
813,340,"f",40,"f",-33.58934331,151.2991962,"House","Entire home/apt",7,1.5,3,4,500,260,0,2,1125,3,93,9,9,10,10,9,9,"t","f","strict",0.38
814,110,"f",1,"f",-33.79756483,151.2864128,"Apartment","Entire home/apt",3,1,1,2,500,100,0,3,60,82,96,10,10,10,10,10,10,"f","f","strict",2.28
815,65,"f",2,"f",-33.67823355,151.295637,"House","Private room",1,1,1,2,,50,0,3,30,1,100,10,10,10,10,10,10,"f","f","flexible",0.42
816,99,"f",1,"t",-33.6282049,151.3264931,"Guesthouse","Entire home/apt",3,1,1,2,0,50,60,2,1125,3,93,9,10,10,10,9,9,"f","f","strict",3
817,319,"f",1,"t",-33.78541204,151.2661267,"Apartment","Entire home/apt",4,2,1,2,350,80,0,3,1125,6,100,10,10,10,10,10,10,"f","f","strict",0.27
818,300,"f",1,"t",-33.80035342,151.2863344,"Apartment","Entire home/apt",6,2.5,3,3,,,0,4,7,1,100,10,10,10,10,10,10,"t","f","flexible",0.04
819,82,"f",2,"f",-33.79420968,151.284358,"Apartment","Private room",1,1,1,1,,50,0,1,1125,9,84,9,10,10,10,10,9,"f","f","flexible",0.78
820,160,"f",4,"t",-33.79551831,151.2878633,"Apartment","Entire home/apt",2,1,1,1,200,90,20,3,60,19,96,10,9,10,10,10,10,"f","f","strict",1.39
821,205,"f",1,"f",-33.790628,151.2869389,"Apartment","Entire home/apt",2,1,1,1,500,60,20,2,1125,0,,,,,,,,"f","f","flexible",
822,118,"f",1,"t",-33.75832172,151.2944482,"Apartment","Entire home/apt",4,1,2,2,300,170,0,5,1125,1,100,8,10,10,8,6,8,"f","f","strict",0.08
823,90,"f",1,"t",-33.6600425,151.3150488,"House","Entire home/apt",3,1,2,2,,,0,1,1125,1,100,10,10,10,10,10,10,"f","f","flexible",0.03
824,250,"f",1,"t",-33.80090477,151.2874,"Apartment","Entire home/apt",4,1,2,2,,,0,6,30,1,100,10,8,10,10,10,10,"t","f","flexible",1
825,39,"f",1,"f",-33.79522442,151.2708804,"Apartment","Private room",1,1,1,1,,,30,60,1125,0,,,,,,,,"f","f","flexible",
826,160,"f",2,"f",-33.79695746,151.2797776,"Apartment","Private room",2,1,1,1,,,0,3,1125,0,,,,,,,,"f","f","strict",
827,380,"f",1,"t",-33.79019286,151.2773486,"House","Entire home/apt",7,3,3,5,500,150,0,7,1125,4,95,10,10,10,10,10,10,"f","f","strict",0.11
828,180,"f",2,"t",-33.7942764,151.2829833,"Apartment","Entire home/apt",4,1,2,2,500,60,0,3,14,5,96,10,9,10,10,10,9,"f","f","strict",0.38
829,100,"f",1,"f",-33.79157603,151.260795,"House","Private room",3,1.5,2,2,,,0,5,35,0,,,,,,,,"f","f","moderate",
830,65,"f",1,"t",-33.79794084,151.2755305,"House","Private room",1,1,1,1,,30,20,5,1125,2,100,10,10,10,10,10,10,"t","f","flexible",0.08
831,150,"f",2,"t",-33.6952971,151.2885078,"House","Entire home/apt",4,1,2,2,500,100,0,85,180,9,93,10,9,10,10,10,10,"t","f","strict",0.24
832,87,"t",1,"t",-33.74346619,151.210496,"Bed & Breakfast","Entire home/apt",2,1,1,1,,55,10,2,90,35,99,10,10,10,10,10,10,"f","f","moderate",1.81
833,180,"t",1,"f",-33.80248789,151.2897785,"Apartment","Entire home/apt",3,1,2,2,506,100,0,6,60,11,95,10,9,10,10,10,9,"f","f","flexible",0.46
834,240,"f",3,"t",-33.65523255,151.3182086,"Apartment","Entire home/apt",5,2,3,3,400,100,0,2,365,75,91,10,9,9,10,10,9,"f","f","moderate",2.03
835,311,"f",1,"f",-33.7338151,151.2244361,"House","Entire home/apt",8,2.5,5,5,500,200,10,2,1125,1,100,10,10,10,10,10,10,"f","f","moderate",0.08
836,124,"f",1,"f",-33.7940187,151.2417227,"Apartment","Entire home/apt",2,1,1,1,200,50,0,2,120,2,100,10,10,10,10,9,10,"t","f","strict",0.48
837,90,"f",1,"f",-33.79691576,151.2847654,"Apartment","Entire home/apt",2,1,0,1,,,0,12,12,0,,,,,,,,"t","f","flexible",
838,90,"f",2,"f",-33.79725858,151.275911,"Apartment","Entire home/apt",4,1,2,2,400,25,20,3,1125,0,,,,,,,,"f","f","moderate",
839,70,"f",1,"f",-33.6734614,151.3013228,"Apartment","Private room",1,1.5,1,1,500,50,0,3,10,2,90,9,9,10,10,10,9,"f","f","moderate",0.06
840,139,"f",2,"t",-33.79254367,151.2781886,"House","Private room",2,1,1,1,,,0,2,30,0,,,,,,,,"f","f","strict",
841,60,"f",2,"f",-33.72461762,151.2158765,"House","Private room",3,1,1,1,200,10,20,2,30,2,100,10,10,10,10,9,10,"t","f","flexible",0.16
842,223,"f",1,"f",-33.7862056,151.2836319,"House","Entire home/apt",6,1.5,3,5,,150,0,3,1125,5,60,6,4,8,8,8,6,"f","f","strict",0.13
843,250,"f",1,"t",-33.80134937,151.2880628,"House","Entire home/apt",6,4,3,3,,,0,5,1125,1,100,10,8,10,10,10,10,"f","f","strict",0.22
844,150,"f",1,"f",-33.60423321,151.2985499,"House","Entire home/apt",4,1.5,2,3,200,65,395,2,7,12,93,9,9,10,9,10,9,"t","f","flexible",1.2
845,99,"f",11,"f",-33.78924239,151.2846805,"Guesthouse","Private room",2,1,1,1,,,0,3,1125,5,95,10,9,10,10,10,10,"t","f","moderate",0.32
846,82,"f",1,"f",-33.77056334,151.2643086,"Apartment","Entire home/apt",2,1,1,2,,,0,1,30,0,,,,,,,,"f","f","flexible",
847,250,"f",1,"t",-33.79864322,151.2825017,"Apartment","Entire home/apt",2,1,1,1,,30,0,7,14,0,,,,,,,,"t","f","strict",
848,300,"f",1,"f",-33.77391735,151.2906164,"Vacation home","Entire home/apt",6,2,3,3,500,0,0,7,60,0,,,,,,,,"f","f","strict",
849,250,"f",7,"f",-33.79644854,151.287127,"Apartment","Entire home/apt",5,2,2,3,1500,,0,1,1125,3,93,9,9,9,10,10,9,"f","f","strict",0.33
850,150,"f",1,"t",-33.76857577,151.270184,"Apartment","Entire home/apt",4,1,2,3,200,25,0,2,14,7,97,10,9,10,10,9,9,"f","f","strict",0.45
851,200,"f",2,"f",-33.77983269,151.2861755,"Apartment","Entire home/apt",5,1,2,3,150,115,25,1,1125,6,77,8,8,9,10,10,7,"f","f","strict",2.69
852,190,"f",2,"t",-33.63205024,151.3167945,"House","Entire home/apt",7,2.5,4,4,,,0,5,1125,2,70,8,2,8,9,8,5,"t","f","moderate",2
853,150,"f",1,"f",-33.73263766,151.2662022,"House","Entire home/apt",5,1,3,3,500,150,0,7,30,3,100,10,10,10,10,10,10,"f","f","flexible",0.08
854,70,"f",1,"f",-33.80096905,151.2918925,"House","Private room",2,1,1,1,,,0,1,1125,0,,,,,,,,"f","f","flexible",
855,240,"f",2,"f",-33.7627277,151.2983279,"Apartment","Entire home/apt",5,1,2,3,250,60,20,3,1125,2,90,10,8,10,10,10,10,"f","f","strict",0.46
856,240,"t",3,"t",-33.79755699,151.2669178,"Apartment","Entire home/apt",4,1,2,3,200,50,100,1,1125,6,100,10,10,10,10,10,10,"t","f","flexible",3
857,95,"f",1,"f",-33.65090766,151.3110184,"House","Private room",2,1,1,1,150,0,0,2,30,5,100,10,10,10,10,10,10,"f","f","strict",0.1
858,160,"f",1,"t",-33.80283995,151.288592,"Apartment","Entire home/apt",2,1,1,1,,,0,5,1125,0,,,,,,,,"f","f","flexible",
859,180,"f",1,"f",-33.75552795,151.2637085,"Condominium","Entire home/apt",2,1.5,1,1,250,,0,2,1125,4,100,9,10,10,10,9,9,"f","f","moderate",0.16
860,180,"f",1,"t",-33.76192574,151.2672581,"Apartment","Entire home/apt",4,2,2,2,0,0,0,15,30,0,,,,,,,,"t","f","flexible",
861,401,"f",1,"f",-33.62218815,151.3366191,"House","Entire home/apt",8,2,3,3,500,241,0,2,30,0,,,,,,,,"f","f","strict",
862,420,"f",1,"f",-33.79363857,151.2844818,"Apartment","Entire home/apt",2,1,1,1,,150,0,9,1000,0,,,,,,,,"t","f","flexible",
863,250,"f",1,"f",-33.62323204,151.3170517,"Apartment","Entire home/apt",2,1,1,1,500,150,0,5,10,4,100,10,9,10,10,10,10,"f","f","strict",0.26
864,120,"f",1,"f",-33.79579568,151.2816499,"Apartment","Entire home/apt",2,1,1,1,,,0,5,18,2,100,10,10,10,10,10,9,"t","f","strict",2
865,280,"f",1,"f",-33.6527877,151.3198702,"Apartment","Entire home/apt",4,2,2,3,0,80,0,6,14,4,100,10,10,10,10,10,10,"f","f","strict",0.32
866,106,"f",1,"f",-33.71750241,151.298455,"Apartment","Entire home/apt",3,1,2,2,,,0,2,1125,1,80,10,8,10,10,10,10,"t","f","flexible",0.3
867,289,"f",1,"f",-33.77095555,151.2735067,"Other","Entire home/apt",6,1.5,3,3,,70,0,7,21,2,100,10,8,10,10,10,10,"f","f","moderate",0.16
868,153,"f",1,"t",-33.79571343,151.2858498,"Apartment","Entire home/apt",4,1,2,3,350,65,15,2,1125,35,98,10,10,10,10,10,10,"t","f","strict",4.73
869,200,"f",1,"f",-33.79187394,151.2846301,"Apartment","Entire home/apt",2,1,1,1,0,50,0,1,1125,0,,,,,,,,"t","f","flexible",
870,250,"f",1,"t",-33.77895948,151.2822307,"House","Entire home/apt",4,1,2,3,,50,0,5,1125,3,100,10,9,10,10,9,10,"t","f","strict",1.06
871,110,"f",1,"t",-33.74574357,151.2884819,"Apartment","Entire home/apt",2,1,1,1,0,30,10,14,35,25,96,10,10,10,10,9,9,"f","f","strict",0.94
872,131,"t",1,"t",-33.79317668,151.2824909,"Apartment","Entire home/apt",2,1,1,1,200,85,0,2,1125,11,100,10,10,10,10,10,10,"t","f","moderate",3.03
873,126,"f",1,"f",-33.79848422,151.2499816,"Apartment","Entire home/apt",4,1,3,3,,,0,14,28,0,,,,,,,,"t","f","flexible",
874,295,"f",1,"t",-33.78408237,151.2881105,"Apartment","Entire home/apt",6,2,3,3,750,220,30,21,70,13,100,10,10,10,10,10,10,"f","t","strict",0.44
875,260,"f",1,"t",-33.76970332,151.280125,"Townhouse","Entire home/apt",6,2.5,3,4,500,150,0,14,21,0,,,,,,,,"f","f","strict",
876,80,"f",2,"t",-33.74921877,151.2918683,"Apartment","Entire home/apt",4,1,2,2,0,0,20,3,1125,0,,,,,,,,"t","f","strict",
877,150,"f",1,"f",-33.77671505,151.2838398,"Apartment","Entire home/apt",5,1,3,4,0,100,0,5,24,0,,,,,,,,"t","f","strict",
878,300,"f",1,"f",-33.64745766,151.3215065,"Apartment","Entire home/apt",6,1,3,3,750,175,50,1,1125,31,90,9,9,9,10,10,9,"f","f","strict",1.53
879,250,"f",1,"f",-33.79548756,151.2809787,"Apartment","Entire home/apt",4,1,2,2,,45,0,6,30,5,100,10,10,10,10,10,10,"t","f","flexible",0.33
880,150,"t",2,"t",-33.79508739,151.2845244,"Apartment","Entire home/apt",4,1,0,3,200,75,0,3,1125,75,93,10,9,10,10,10,9,"t","f","strict",2.65
881,300,"f",2,"f",-33.73596215,151.2123481,"House","Entire home/apt",5,3,4,4,,,0,10,28,1,80,6,2,10,10,10,8,"t","f","flexible",1
882,210,"f",10,"t",-33.79602864,151.2705033,"Apartment","Entire home/apt",2,1,0,1,450,90,0,3,1125,2,100,10,10,10,10,10,10,"f","f","strict",0.19
883,300,"f",1,"f",-33.62294777,151.3368015,"House","Entire home/apt",6,2,3,6,400,200,50,2,14,3,80,9,9,10,10,10,9,"f","f","moderate",0.12
884,145,"t",1,"t",-33.79707631,151.2647388,"Apartment","Entire home/apt",2,1,0,1,,,0,2,365,51,98,10,10,10,10,10,10,"f","f","strict",1.38
885,200,"t",2,"f",-33.79758101,151.2848785,"Apartment","Entire home/apt",4,1,2,3,,50,0,2,14,11,96,10,10,10,10,10,10,"t","f","flexible",1.21
886,220,"f",31,"t",-33.67214322,151.3118332,"House","Entire home/apt",6,2,3,5,1000,300,0,2,30,2,100,10,8,10,10,8,8,"f","f","strict",0.42
887,120,"t",3,"f",-33.69573799,151.2904135,"Bungalow","Entire home/apt",4,1,2,3,300,100,25,2,90,26,90,9,9,10,10,9,9,"f","f","strict",0.46
888,190,"f",1,"f",-33.79770588,151.276667,"Apartment","Entire home/apt",3,1,2,1,,40,0,3,11,3,87,9,7,10,10,10,10,"f","f","strict",0.12
889,134,"f",1,"f",-33.78767909,151.2734875,"Apartment","Entire home/apt",4,1,2,2,,50,0,2,1125,9,100,10,10,10,10,10,10,"t","f","flexible",0.77
890,300,"f",1,"t",-33.79742474,151.2653839,"Apartment","Entire home/apt",4,1,2,2,,,0,5,14,1,60,6,8,10,10,8,6,"t","f","flexible",1
891,44,"f",1,"f",-33.7976448,151.2841711,"Apartment","Private room",2,1,1,1,950,10,10,1,100,0,,,,,,,,"t","f","moderate",
892,330,"f",1,"f",-33.6295007,151.3235097,"House","Entire home/apt",4,2,3,3,500,150,0,7,22,0,,,,,,,,"f","f","strict",
893,200,"f",2,"t",-33.75591613,151.2919972,"House","Entire home/apt",6,1,2,4,650,90,0,1,1125,6,93,9,9,10,9,9,8,"f","f","strict",0.24
894,213,"f",156,"t",-33.79927713,151.2860182,"Apartment","Entire home/apt",4,1,2,2,1275,264,0,31,1125,8,89,8,7,9,9,10,7,"t","f","strict",0.59
895,95,"f",1,"t",-33.75096559,151.2932916,"Apartment","Entire home/apt",2,1,2,2,250,50,25,5,7,0,,,,,,,,"f","f","strict",
896,95,"f",1,"t",-33.79471388,151.258351,"Apartment","Entire home/apt",2,1,1,1,,,0,2,1125,18,95,10,10,10,10,10,10,"f","f","flexible",1.13
897,198,"f",2,"t",-33.66234786,151.3070012,"Apartment","Entire home/apt",5,1.5,2,3,200,90,30,2,90,9,96,10,10,10,10,10,9,"f","t","strict",0.57
898,49,"f",1,"t",-33.7866399,151.281764,"Condominium","Private room",2,1,1,1,,,0,1,1125,0,,,,,,,,"f","f","flexible",
899,110,"f",2,"t",-33.79519657,151.2855805,"Townhouse","Private room",2,1,1,1,250,25,0,2,1125,1,100,10,10,10,10,10,10,"f","f","flexible",0.06
900,221,"f",1,"t",-33.73984719,151.2732027,"House","Entire home/apt",4,2,3,3,220,135,40,3,21,2,100,10,9,10,10,9,10,"f","f","strict",0.14
901,80,"f",1,"f",-33.75257138,151.2788003,"Apartment","Entire home/apt",4,1,1,2,200,20,7,2,1125,11,100,10,10,10,10,9,10,"t","f","moderate",5.08
902,180,"f",1,"f",-33.68003726,151.2217807,"Guesthouse","Entire home/apt",4,1,2,3,200,55,383,2,1125,0,,,,,,,,"f","f","flexible",
903,90,"f",2,"t",-33.77834553,151.2833326,"Apartment","Private room",1,1,1,1,,,0,3,1125,0,,,,,,,,"t","f","flexible",
904,120,"f",1,"t",-33.76809753,151.2944248,"Apartment","Entire home/apt",2,1,1,1,1500,50,0,1,1125,22,92,10,10,9,10,10,9,"f","f","moderate",0.91
905,300,"f",1,"f",-33.7482453,151.2180515,"House","Entire home/apt",10,4.5,5,4,400,120,50,5,1125,1,100,10,10,10,10,10,10,"f","f","strict",1
906,126,"f",1,"f",-33.75401872,151.2949575,"Apartment","Entire home/apt",3,1,2,2,,,0,5,15,2,100,10,9,10,10,8,10,"t","f","moderate",2
907,225,"f",3,"t",-33.77430887,151.2867003,"House","Entire home/apt",7,2,4,3,1200,150,0,60,180,1,100,8,10,10,10,10,8,"f","f","moderate",0.02
908,221,"f",2,"t",-33.70550443,151.2873856,"House","Entire home/apt",5,1,3,3,0,100,0,7,1125,0,,,,,,,,"t","f","strict",
909,401,"f",1,"f",-33.60661729,151.2980208,"House","Entire home/apt",6,2,3,4,1000,250,20,2,1125,4,100,10,10,10,10,10,9,"f","f","strict",0.29
910,93,"f",1,"t",-33.8002676,151.2760182,"Apartment","Entire home/apt",2,1,1,1,200,50,0,2,1125,6,90,9,9,10,10,10,9,"f","f","moderate",0.73
911,321,"f",1,"t",-33.78562688,151.2672442,"House","Entire home/apt",11,2.5,5,11,,100,50,3,1125,8,100,10,10,10,10,9,9,"f","f","moderate",0.64
912,300,"f",1,"t",-33.77997111,151.2935717,"Apartment","Entire home/apt",4,2,2,2,,,0,7,11,3,100,9,9,10,9,10,9,"f","f","strict",0.27
913,160,"f",1,"f",-33.74245615,151.3002723,"House","Entire home/apt",4,1,3,3,500,,0,1,1125,0,,,,,,,,"f","f","moderate",
914,350,"f",1,"f",-33.79729476,151.2739987,"Apartment","Entire home/apt",2,1,2,2,,,0,14,1125,0,,,,,,,,"f","f","flexible",
915,295,"f",7,"t",-33.80173361,151.2938704,"Apartment","Entire home/apt",6,1,2,3,200,60,20,1,1125,17,91,8,8,9,9,10,8,"t","f","strict",2.67
916,265,"f",2,"f",-33.78654843,151.2874728,"House","Entire home/apt",5,2,3,5,300,100,0,2,30,0,,,,,,,,"t","f","moderate",
917,269,"f",1,"t",-33.79056285,151.2493317,"House","Entire home/apt",8,2,5,6,1500,120,0,14,31,0,,,,,,,,"f","f","strict",
918,60,"f",2,"f",-33.74680368,151.2256755,"House","Private room",4,2,2,2,,,30,1,1125,0,,,,,,,,"t","f","strict",
919,171,"f",1,"t",-33.63108316,151.3263184,"House","Entire home/apt",6,2.5,4,5,500,150,0,5,1125,0,,,,,,,,"f","f","strict",
920,420,"f",1,"t",-33.75457702,151.2522319,"House","Entire home/apt",8,3,3,4,1000,125,0,7,1125,3,100,10,10,10,10,10,10,"f","f","strict",0.14
921,75,"t",1,"f",-33.70328238,151.2722873,"House","Private room",2,1.5,1,1,,10,20,1,15,26,99,10,10,10,10,10,10,"f","f","flexible",2.31
922,185,"t",1,"f",-33.6385696,151.3237506,"Apartment","Entire home/apt",4,1,2,2,500,100,50,1,7,16,100,10,10,10,10,10,10,"f","f","moderate",1.32
923,70,"f",1,"f",-33.79596342,151.2786159,"Apartment","Private room",1,1,1,1,,,20,2,1125,0,,,,,,,,"t","f","moderate",
924,200,"f",1,"f",-33.78010269,151.280451,"Apartment","Entire home/apt",2,1,1,1,,50,0,5,15,0,,,,,,,,"t","f","strict",
925,150,"t",2,"t",-33.79350762,151.2860435,"Apartment","Entire home/apt",3,1,2,2,800,65,0,4,45,2,100,10,9,10,10,10,10,"f","f","strict",2
926,150,"f",1,"t",-33.80015113,151.2867546,"Apartment","Entire home/apt",2,1,1,1,200,50,40,3,1125,2,80,8,7,10,10,10,7,"f","f","strict",0.09
927,428,"f",31,"t",-33.65106786,151.3163836,"Apartment","Entire home/apt",4,1,2,2,1000,100,0,5,30,1,80,8,10,10,10,8,6,"f","f","strict",0.04
928,205,"f",19,"t",-33.79734519,151.2868546,"Apartment","Entire home/apt",4,1,1,1,0,55,35,3,89,0,,,,,,,,"f","f","strict",
929,200,"f",1,"t",-33.79625049,151.284556,"Apartment","Entire home/apt",4,1,2,3,400,60,50,3,1125,13,85,10,9,10,10,10,9,"t","f","flexible",0.53
930,90,"f",1,"f",-33.7999458,151.2869696,"Apartment","Private room",1,1,1,1,0,30,25,3,1125,2,100,10,9,10,10,9,9,"t","f","flexible",2
931,250,"f",4,"f",-33.70838682,151.3022851,"Apartment","Entire home/apt",2,1,1,1,,100,0,2,1125,1,100,10,10,10,10,8,6,"f","f","strict",0.1
932,95,"t",1,"t",-33.76745034,151.2771011,"House","Private room",2,1,1,1,,,40,1,1125,88,98,10,10,10,10,10,10,"t","f","moderate",4.25
933,251,"f",2,"f",-33.80245914,151.2907302,"Townhouse","Entire home/apt",4,2,2,2,,,0,7,1125,0,,,,,,,,"f","f","flexible",
934,120,"f",1,"f",-33.7459389,151.287007,"Apartment","Entire home/apt",4,1,3,3,,,0,7,32,1,,,,,,,,"f","f","flexible",0.53
935,160,"f",1,"t",-33.67438247,151.3015371,"Apartment","Entire home/apt",4,1,2,3,0,80,10,1,30,18,99,10,10,10,10,10,9,"f","f","flexible",0.49
936,201,"f",2,"f",-33.78017,151.2933598,"Apartment","Private room",2,1,1,1,,,40,1,1125,0,,,,,,,,"f","f","moderate",
937,300,"f",1,"t",-33.79686533,151.2770792,"Apartment","Entire home/apt",4,1,2,2,,,0,7,11,0,,,,,,,,"f","f","moderate",
938,60,"f",1,"f",-33.75590259,151.2933973,"Apartment","Private room",2,1,1,2,,,0,1,5,0,,,,,,,,"f","f","flexible",
939,150,"f",3,"f",-33.62488248,151.329572,"House","Private room",4,1,1,3,0,0,20,2,1125,0,,,,,,,,"f","f","flexible",
940,115,"f",1,"f",-33.78439608,151.2692116,"Apartment","Entire home/apt",5,2,2,4,,,0,15,1125,0,,,,,,,,"f","f","strict",
941,280,"f",198,"f",-33.7864055,151.2565332,"House","Entire home/apt",8,2,3,4,400,330,0,3,1125,3,100,10,10,10,10,10,10,"t","f","strict",3
942,120,"f",1,"f",-33.80243259,151.2929815,"Apartment","Private room",2,1,0,1,,,0,1,60,0,,,,,,,,"f","f","flexible",
943,250,"f",3,"f",-33.79558674,151.2845545,"Apartment","Entire home/apt",2,2,2,2,,,0,2,1125,0,,,,,,,,"f","f","flexible",
944,80,"f",1,"t",-33.75838141,151.2932418,"Apartment","Entire home/apt",2,1,2,2,500,,0,5,20,1,100,8,10,8,10,10,8,"f","f","strict",0.04
945,160,"t",3,"t",-33.79748651,151.2850168,"Apartment","Entire home/apt",3,1,0,1,,,15,6,120,18,93,10,10,10,10,10,10,"t","t","strict",0.56
946,250,"f",1,"t",-33.76824419,151.2924981,"Apartment","Entire home/apt",4,1,2,3,200,50,0,2,1125,1,100,10,10,10,10,10,10,"t","f","flexible",1
947,250,"f",1,"t",-33.79627748,151.2827924,"Apartment","Entire home/apt",4,1,2,2,,,0,1,1125,0,,,,,,,,"t","f","flexible",
948,280,"f",1,"f",-33.79860686,151.278883,"Apartment","Entire home/apt",4,1,2,2,400,170,0,2,30,1,40,4,4,8,6,6,4,"f","f","strict",1
949,107,"f",1,"f",-33.77286916,151.2809108,"Apartment","Entire home/apt",3,1,2,2,,,0,2,1125,1,100,,10,,10,,,"f","f","flexible",0.04
950,134,"f",1,"f",-33.79855427,151.2843429,"Apartment","Entire home/apt",4,1,1,2,250,75,0,2,60,13,92,10,9,10,10,10,8,"t","f","strict",3.39
951,66,"f",1,"f",-33.76159272,151.2656052,"Apartment","Entire home/apt",3,2,1,2,,,0,14,1125,1,,,,,,,,"f","f","flexible",0.04
952,119,"f",1,"f",-33.79608925,151.2781416,"Apartment","Entire home/apt",4,1,2,3,,,0,2,2,0,,,,,,,,"t","f","flexible",
